Part;Quantity;Vendor;Notes;Links;;;;;;;;;;
Arduino Uno 3;1;Elimex;Main board;https://elimex.bg/product/71201-kit-k2014-razvoyna-platka-s-atmega328p-smd-usb-b;;;;;;;;;;
L298N Motor driver;1;Elimex;Motor driver board;https://elimex.bg/product/71197-kit-k2010-drayver-za-postoyannotokovi-motori;;;;;;;;;;
HC-SR04 Sensor;2;Elimex;Ultrasonic sensor;https://elimex.bg/product/71196-kit-k2009-hc-sr04-ultrazvukov-priemo-predavatel;;;;;;;;;;
Project DC motors;2;Elimex;DC motors;https://elimex.bg/product/79622-kit-k2178-postoyannotokov-motor-za-robo-platforma;;;;;;;;;;
Jumpers cables;14;Elimex;F-M , F-F , M-M;https://elimex.bg/product/75823-komplekt-provodnitsi-40-broya-s-konektori-mazhki-zhenski-30sm;;;;;;;;;    AND;https://elimex.bg/product/74894-komplekt-provodnitsi-40-broya-s-konektori-mazhki-mazhki-20sm
9V battery;2;Elimex;9V batteries;https://elimex.bg/product/93070-bateriq-6lp3146-varta-energy;;;;;;;;;;
Battery clips (jack);2;Elimex;clips for batteries;https://elimex.bg/product/77718-f172b-battery-clip-9v-to-dc-plug-2-1x5-5mm;;;;;;;;;;
Battery clips (no jack);1;Elimex;clips for batteries;https://elimex.bg/product/14153-f172a-battery-clip-9v;;;;;;;;;;
Body for robot;1;Elimex;Body of the car;https://elimex.bg/product/74873-kit-k2122-kit01-robo-platforma-s-2-kolela-s-2-dc-motora2-osnovi;;;;;;;;;;
